"RESULT","TARGET_LOC","TARGET_TXT","SOURCE_LOC","SOURCE_TXT","SHARED","SCORE"
0,"luc. 0.0","dummy result to ensure to force at least 1 in np.count so charts print","ov. medic. 0","null","null",10
1,"luc. 9.160","Et tectum **lino** spargam **per** vulgus Osirin,","ov. medic. 81","Ut coeant apteque **lini** **per** corpora possint,","per; linum-linus",9
2,"luc. 9.921","Abrotanum, et longe nascentis **cornua** **cervi**.","ov. medic. 59","Et quae prima cadent vivaci **cornua** **cervo**,","cornu; ceruus",9
3,"luc. 4.170","Mutua **conspicuos** **habuerunt** lumina vultus,","ov. medic. 20","**Conspicuam** gemmis vultis **habere** manum:","conspicuus; habeo",8
4,"luc. 2.391","Subrepsit partemque tulit **sibi** nata **voluptas**.","ov. medic. 31","Est etiam placuisse **sibi** cuicumque **voluptas**;","sui; uoluptas",8
5,"luc. 2.358","Turritaque **premens** frontem **matrona** corona","ov. medic. 13","Cum **matrona**, **premens** altum rubicunda sedile,","matrona; premo",8
6,"luc. 10.125","Pars **auro** plumata **nitet**; pars ignea cocco,","ov. medic. 52","Candida quo possint **ora** **nitere** modo.","niteo; aurum",8
7,"luc. 8.863","Tarpeiis qui saepe **deis** sua **tura** negarunt,","ov. medic. 83","Quamvis **tura** **deos** irataque numina placent,","tus; deus",8
8,"luc. 3.449","Et tantum miseris **irasci** **numina** possunt.","ov. medic. 83","Quamvis tura deos **irataque** **numina** placent,","irascor; numen",8
9,"luc. 4.58","Atque iterum, **aequatis** ad iustae pondera **Librae**","ov. medic. 71","Utraque sex habeant **aequo** discrimine **libras**,","aequo; libra",7
10,"luc. 8.665","**Iratamque** **deis** faciem, nil ultima mortis","ov. medic. 83","Quamvis tura **deos** **irataque** numina placent,","irascor-iratus; deus",7
11,"luc. 9.914","Expurgat **cantu**, verbisque fugantibus **angues**.","ov. medic. 39","Nec mediae Marsis finduntur **cantibus** **angues**,","cantus; anguis",7
12,"luc. 10.204","**Luna** **suis** vicibus Tethyn terrenaque miscet.","ov. medic. 42","Numquam **Luna** **suis** excutietur equis.","luna-luno; suo-sus-suus",7
13,"luc. 5.425","Exierant, et **luna** **suas** iam fecerat umbras,","ov. medic. 42","Numquam **Luna** **suis** excutietur equis.","luna-luno; suo-suus",7
14,"luc. 6.59","Aut **aliquem** mundi, **quamvis** natura negasset,","ov. medic. 41","Et **quamvis** **aliquis** Temesaea removerit aera,","quamuis-quiuis; aliquis",7
15,"luc. 9.535","Aut Astraea **iubet** **lentos** descendere Pisces.","ov. medic. 58","**Lenta** **iube** scabra frangat asella mola:","lentus; iubeo",7
16,"luc. 2.385","Submovisse hiemem **tecto**: pretiosaque **vestis**,","ov. medic. 18","Vultis inaurata corpora **veste** **tegi**,","uestis; tego",7
17,"luc. 10.82","Quem, **formae** confisa **suae**, Cleopatra sine ullis","ov. medic. 32","Virginibus cordi grataque **forma** **sua** est.","suus; forma-formus",7
18,"luc. 6.20","Humanusque labor, facilis, **licet** **ardua** tollat,","ov. medic. 29","Rure latent finguntque comas; **licet** **arduus** illas","licet; arduus",7
19,"luc. 7.354","Non **iratorum** populis urbique **deorum** est,","ov. medic. 83","Quamvis tura **deos** **irataque** numina placent,","irascor-iratus; deus",7
20,"luc. 3.672","Alter: at hi tortum **validis** aplustre **lacertis**","ov. medic. 75","Da **validis** iuvenum pariter subigenda **lacertis**:","lacerta-lacertus; ualidus",7
21,"luc. 2.686","Tortaque per tenebras **validis** ballista **lacertis**,","ov. medic. 75","Da **validis** iuvenum pariter subigenda **lacertis**:","lacerta-lacertus; ualidus",7
22,"luc. 9.138","**Ora** ducis, quae transfixo **sublimia** pilo","ov. medic. 7","Culta placent. **auro** **sublimia** tecta linuntur,","sublime-sublimis; aurum",7
23,"luc. 4.58","Atque iterum, aequatis ad **iustae** **pondera** Librae","ov. medic. 86","**Ponderibus** **iustis** fac sit utrimque triens.","pondus; iustus",7
24,"luc. 8.243","Verus pauper **agit**!  **Dimisso** in litora rege,","ov. medic. 51","Dic **age**, cum teneros somnus **dimiserit** artus,","ago; dimitto",7
25,"luc. 4.191","Et sacer orbis amor: magnum nunc **saecula** **nostra**","ov. medic. 24","Cum comptos habeant **saecula** **nostra** viros. ","noster; saeculum",7
26,"luc. 5.676","**Imposuit** **terrae**. Pariter tot regna, tot urbes","ov. medic. 8","Nigra sub **imposito** marmore **terra** latet:","impono; terra",7
27,"luc. 2.502","Trans ripam **validi** torserunt tela **lacerti**.","ov. medic. 75","Da **validis** iuvenum pariter subigenda **lacertis**:","lacertus; ualidus",7
28,"luc. 8.125","Hoc solum **crimen** **meritae** bene detrahe terrae,","ov. medic. 28","Refert; munditia **crimina** nulla **merent**.","mereo; crimen",7
29,"luc. 9.383","Qua nimius Titan, et rarae in **fontibus** **undae**,","ov. medic. 40","Nec redit in **fontes** **unda** supina suos;","unda; fons",7
30,"luc. 7.517","Inde cadunt mortes. Sceleris sed **crimine** **nullo**","ov. medic. 28","Refert; munditia **crimina** **nulla** merent.","nullus; crimen",7
31,"luc. 3.412","**Fontibus** **unda** cadit, simulacraque moesta deorum","ov. medic. 40","Nec redit in **fontes** **unda** supina suos;","unda-undo; fons",7
32,"luc. 3.191","Et Penei qui **rura** **colunt**, quorumque labore","ov. medic. 12","Maluerint, quam se, **rura** paterna **coli**:","colo; ruro-rus",7
33,"luc. 6.436","Haemonidum, **ficti** quas nulla **licentia** monstri","ov. medic. 29","Rure latent **finguntque** comas; **licet** arduus illas","fingo; licet",7
34,"luc. 10.385","In nostras Fortuna manus.  En, **altera** **venit**","ov. medic. 48","Et **veniet** rugis **altera** causa dolor.","alter; uenio",7
35,"luc. 4.192","Venturi **discrimen** **habent**. Periere latebrae","ov. medic. 71","Utraque sex **habeant** aequo **discrimine** libras,","habeo; discrimen",7
36,"luc. 8.721","Lucis moesta parum **per** **densas** Cynthia nubes","ov. medic. 89","Haec ubi contrieris, **per** **densa** foramina cerne:","per; densus",7
37,"luc. 4.808","Si libertatis superis tam **cura** **placeret**,","ov. medic. 23","Nec tamen indignum: sit vobis **cura** **placendi**,","cura-curo; placeo",7
38,"luc. 8.260","Qua portu **mittitque** **rates** recipitque Selinus,","ov. medic. 53","Hordea, quae Libyci **ratibus** **misere** coloni,","mitto; ratis",7
39,"luc. 8.276","Et nomen, quod mundus **amat**.    Vos **pendite** regna","ov. medic. 50","Perque suos annos hinc bene **pendet** **amor**. ","amo; pendo",7
40,"luc. 5.149","Verba **refert**, **nullo** confusae murmure vocis","ov. medic. 28","**Refert**; munditia crimina **nulla** merent.","nullus; refero",7
41,"luc. 4.430","**Missa** **ratis** prono defertur lapsa profundo,","ov. medic. 53","Hordea, quae Libyci **ratibus** **misere** coloni,","mitto; ratis",7
42,"luc. 6.698","Mors dilata deum: Styx, et, quos **nulla** **meretur**","ov. medic. 28","Refert; munditia crimina **nulla** **merent**.","mereo; nullus",6
43,"luc. 6.490","Viperei **coeunt**, abrupto **corpore**, nodi:","ov. medic. 81","Ut **coeant** apteque lini per **corpora** possint,","corpus; coeo",6
44,"luc. 9.425","Excoquitur, **nullo** glebarum  **crimine**, pura,","ov. medic. 28","Refert; munditia **crimina** **nulla** merent.","crimen; nullus",6
45,"luc. 7.849","Tot scelerum fatis premerent?  Quod **sufficit** **aevum**,","ov. medic. 49","**Sufficit** et longum probitas perdurat in **aevum**,","aeuum; sufficio",6
46,"luc. 4.58","Atque iterum, aequatis ad **iustae** **pondera** Librae","ov. medic. 76","Sed **iustum** tritis uncia **pondus** erit.","pondus; iustus",6
47,"luc. 10.105","Vultus **adest** precibus, **faciesque** incesta perorat.","ov. medic. 60","Contere in haec (solidi sexta **fac** **assis** eat).","adsum; facio",6
48,"luc. 9.377","Inde polo Libyes, **hinc** bruma temperet **annus**.","ov. medic. 50","Perque suos **annos** **hinc** bene pendet amor. ","hinc; annus",6
49,"luc. 4.60","Cynthia quo **primum** **cornu** dubitanda refulsit,","ov. medic. 59","Et quae **prima** cadent vivaci **cornua** cervo,","primus; cornu",6
50,"luc. 8.121","Accipe templorum **cultus**, **aurumque** deorum:","ov. medic. 98","Haerebit toto multus in **ore** **color**.","colo; aurum",6
51,"luc. 1.420","Ut superi voluere, **late**. Tunc **rura** Nemetis","ov. medic. 29","**Rure** **latent** finguntque comas; licet arduus illas","rus; lateo",6
52,"luc. 9.599","Ducere **maluerim**, **quam** ter Capitolia curru","ov. medic. 12","**Maluerint**, **quam** se, rura paterna coli:","malo; quam",6
53,"luc. 3.36","Ille, **dei** **quamvis** cladem manesque minentur,","ov. medic. 83","**Quamvis** tura **deos** irataque numina placent,","quamuis-quiuis; deus",6
54,"luc. 2.166","Cum **iam** tabe fluunt, **confusaque** tempore multo","ov. medic. 61","**Iamque** ubi pulvereae fuerint **confusa** farinae,","iam; confundo",6
55,"luc. 10.18","Non **auro** **cultuque** deum, non moenibus urbis,","ov. medic. 98","Haerebit toto multus in **ore** **color**.","colo; aurum",6
56,"luc. 6.375","Solus in **alterius** nomen cum   **venerit** undae,","ov. medic. 48","Et **veniet** rugis **altera** causa dolor.","alter; uenio",6
57,"luc. 3.607","Aeternis **caussam** lacrimis. Tenet ille **dolorem**","ov. medic. 48","Et veniet rugis altera **causa** **dolor**.","dolor; causa",6
58,"luc. 4.813","Digna **damus**, **iuvenis**, meritae praeconia vitae.","ov. medic. 75","**Da** validis **iuvenum** pariter subigenda lacertis:","iuuenis; do",6
59,"luc. 3.345","**Undarum** raptos aversis **fontibus** haustus","ov. medic. 40","Nec redit in **fontes** **unda** supina suos;","unda; fons",6
60,"luc. 3.355","Hoc **potius** civile gerent. **Sic** Graia iuventus","ov. medic. 35","**Sic** **potius** vos urget amor quam fortibus herbis,","potis; sic",6
61,"luc. 4.218","Utque **habeat** famulos nullo **discrimine**, Caesar","ov. medic. 71","Utraque sex **habeant** aequo **discrimine** libras,","habeo; discrimen",6
62,"luc. 9.542","Sidus **habes** immune mari; procul axis **uterque** est,","ov. medic. 71","**Utraque** sex **habeant** aequo discrimine libras,","habeo; uterque",6
63,"luc. 5.358","Tradite **nostra** **viris** ignavi signa Quirites.","ov. medic. 24","Cum comptos habeant saecula **nostra** **viros**. ","noster; uir",6
64,"luc. 7.497","In **densos** agitur cuneos: **perque** arma, **per** hostem","ov. medic. 89","Haec ubi contrieris, **per** **densa** foramina cerne:","per; densus",6
65,"luc. 5.257","Caussa solet, dum **quisque** **pavet**, quibus ipse timori est,","ov. medic. 27","Se sibi **quaeque** **parant**, nec quos venentur amores","quisque; paueo",6
66,"luc. 1.484","Romano spectante, rapi. Sic **quisque** **pavendo**","ov. medic. 27","Se sibi **quaeque** **parant**, nec quos venentur amores","quisque; paueo",6
67,"luc. 9.130","**Rege** **sub** impuro Nilotica rura tenente,","ov. medic. 11","Forsitan antiquae Tatio **sub** **rege** Sabinae","sub; rego-rex",6
68,"luc. 8.453","Regnorum **sub** **rege** novo. Non plura locutus","ov. medic. 11","Forsitan antiquae Tatio **sub** **rege** Sabinae","sub; rego-rex",6
69,"luc. 8.397","Infando **sub** **rege** timet. Num barbara nobis","ov. medic. 11","Forsitan antiquae Tatio **sub** **rege** Sabinae","sub; rego-rex",6
70,"luc. 2.232","**Contentus**, **quo** Sulla fuit. Sic moesta senectus","ov. medic. 79","Pondere, si quaeris, **quo** sim **contentus** in illis,","contendo-contentus-contineo; quo",6
71,"luc. 8.74","Frangis?  **Habes** aditum mansurae in **saecula** famae.","ov. medic. 24","Cum comptos **habeant** **saecula** nostra viros. ","habeo; saeculum",6
72,"luc. 4.507","Non **plures** **haesisse** rates.  Tentare parabunt","ov. medic. 98","**Haerebit** toto **multus** in ore color.","haereo; multus",6
73,"luc. 4.72","Hic, **ubi** **iam** Zephyri fines et summus Olympi","ov. medic. 61","**Iamque** **ubi** pulvereae fuerint confusa farinae,","iam; ubi-ubius",6
74,"luc. 8.27","Deiectum meminisse piget. Sic **longius** **aevum**","ov. medic. 49","Sufficit et **longum** probitas perdurat in **aevum**,","aeuum; longus",6
75,"luc. 2.108","**Crimine** quo parvi caedem potuere **mereri**?","ov. medic. 28","Refert; munditia **crimina** nulla **merent**.","mereo; crimen",6
76,"luc. 8.121","Accipe templorum **cultus**, **aurumque** deorum:","ov. medic. 7","**Culta** placent. **auro** sublimia tecta linuntur,","colo-cultus; aurum",6
77,"luc. 7.109","Discrimen?  Pugnare ducem   **quam** vincere, **malunt**.","ov. medic. 12","**Maluerint**, **quam** se, rura paterna coli:","malo; quam",6
78,"luc. 5.472","Et voces audire datur: multosque **per** **annos**","ov. medic. 50","**Perque** suos **annos** hinc bene pendet amor. ","annus; per",6
79,"luc. 5.69","Sollicitat superos, multosque obducta **per** **annos**","ov. medic. 50","**Perque** suos **annos** hinc bene pendet amor. ","annus; per",6
80,"luc. 1.28","Horrida quod dumis multosque inarata **per** **annos**","ov. medic. 50","**Perque** suos **annos** hinc bene pendet amor. ","annus; per",6
81,"luc. 7.506","Ut **primum** toto diduxit **cornua** campo","ov. medic. 59","Et quae **prima** cadent vivaci **cornua** cervo,","primus; cornu",6
82,"luc. 10.18","Non **auro** **cultuque** deum, non moenibus urbis,","ov. medic. 7","**Culta** placent. **auro** sublimia tecta linuntur,","colo-cultus; auro-aurum",6
83,"luc. 10.81","Dum donare Pharon, dum non **sibi** vincere **mavult**.","ov. medic. 12","**Maluerint**, quam **se**, rura paterna coli:","sui; malo",6
84,"luc. 3.83","Tam magno populis, et **se** non **mallet** amari.","ov. medic. 12","**Maluerint**, quam **se**, rura paterna coli:","sui; malo",6
85,"luc. 6.280","Invenit impulsos **presso** iam **pulvere** muros:","ov. medic. 90","**Pulvis** ab infuso melle **premendus** erit.","puluis; premo",6
86,"luc. 1.36","Non **nisi** saevorum **potuit** post bella Gigantum:","ov. medic. 52","Candida quo **possint** ora **nitere** modo.","nitor; possum",6
87,"luc. 4.46","**Sic** pedes ex facili, nulloque **urgente**, receptus,","ov. medic. 35","**Sic** potius vos **urget** amor quam fortibus herbis,","urgeo; sic",6
88,"luc. 8.686","Hac **facie** Fortuna tibi Romana **placebas**.","ov. medic. 44","Ingenio **facies** conciliante **placet**.","facies; placeo",6
89,"luc. 9.548","Numina, de fama tam **longi** iudicet **aevi**.","ov. medic. 49","Sufficit et **longum** probitas perdurat in **aevum**,","aeuum; longus",6
90,"luc. 1.213","**Fonte** cadit modico, parvisque impellitur **undis**","ov. medic. 40","Nec redit in **fontes** **unda** supina suos;","unda; fons",6
91,"luc. 3.288","Tot reges **habuere** ducem. **Colere** nec umquam","ov. medic. 30","Celet Athos, **cultas** altus **habebit** Athos.","colo; habeo",6
92,"luc. 4.377","Discite, quam **parvo** **liceat** producere vitam,","ov. medic. 97","Tempore sint **parvo** molli **licet** illita vultu,","paruus; licet",6
93,"luc. 3.392","Vincitur **una** mora. **Quantum** est, quod fata tenentur!","ov. medic. 93","Arentisque rosae **quantum** manus **una** prehendat,","una-uno-unus; quantum-quantus",6
94,"luc. 2.294","Deductique fretis alio **sub** sidere **reges**;","ov. medic. 11","Forsitan antiquae Tatio **sub** **rege** Sabinae","sub; rego-rex",6
95,"luc. 2.211","In fluvium **primi** **cecidere**, in corpora summi.","ov. medic. 59","Et quae **prima** **cadent** vivaci cornua cervo,","primus; cado",6
96,"luc. 4.637","Ille **suis**. **Numquam** saevae sperare novercae","ov. medic. 42","**Numquam** Luna **suis** excutietur equis.","numquam; suo-sus-suus",6
97,"luc. 2.275","Nam praelata **suis** **numquam** diversa dolebit","ov. medic. 42","**Numquam** Luna **suis** excutietur equis.","suo-sus-suus; numquam",6
98,"luc. 5.72","Cardine, Parnasus gemino **petit** aethera **colle**,","ov. medic. 21","Induitis **collo** lapides oriente **petitos**,","peto; collum-collus",6
99,"luc. 7.566","Vulnera **multorum**, **totum** fusura cruorem,","ov. medic. 98","Haerebit **toto** **multus** in ore color.","multus; totus",6
100,"luc. 1.163","Non **auro** tectisque **modus**: mensasque priores","ov. medic. 52","Candida quo possint **ora** nitere **modo**.","modus; aurum",6
101,"luc. 1.452","Solis nosse **deos** et coeli **numina** vobis,","ov. medic. 83","Quamvis tura **deos** irataque **numina** placent,","numen; deus",6
102,"luc. 7.455","Sunt **curata** deo. Cladis **tamen** huius habemus","ov. medic. 23","Nec **tamen** indignum: sit vobis **cura** placendi,","tamen; curo",6
103,"luc. 3.366","Armorum, **nisi**, qui vinci **potuere**, rebellent.","ov. medic. 52","Candida quo **possint** ora **nitere** modo.","nitor; possum",6
104,"luc. 7.367","Exigit: at **plures** **tantum** clamore catervae","ov. medic. 66","Huc novies **tanto** **plus** tibi mellis eat.","tantus; multus",6
105,"luc. 2.344","MARCIA; nec dubium **longo** quaeratur in **aevo**,","ov. medic. 49","Sufficit et **longum** probitas perdurat in **aevum**,","aeuum; longus",6
106,"luc. 1.448","Laudibus in **longum** vates dimittitis **aevum**,","ov. medic. 49","Sufficit et **longum** probitas perdurat in **aevum**,","aeuum; longus",6
107,"luc. 3.263","**Fonte** novo flumen pelagi non abnegat **undis**.","ov. medic. 40","Nec redit in **fontes** **unda** supina suos;","unda; fons",6
108,"luc. 5.698","Hine usus **placuere** **deum**, non rector ut orbis,","ov. medic. 83","Quamvis tura **deos** irataque numina **placent**,","placeo; deus",6
109,"luc. 9.842","Nec culmis crevere tori: sed **corpora** **fatis**","ov. medic. 70","Et simul inflantes **corpora** frige **fabas**;","corporo-corpus; for",6
110,"luc. 1.128","Victrix caussa **deis** **placuit**, sed victa Catoni","ov. medic. 83","Quamvis tura **deos** irataque numina **placent**,","deus; placeo",6
111,"luc. 10.417","**Dis** **placitum**: non in soceri generique favorem","ov. medic. 83","Quamvis tura **deos** irataque numina **placent**,","placeo; deus",6
112,"luc. 2.113","Dum vacua pudet ire **manu**. Spes **una** salutis,","ov. medic. 93","Arentisque rosae quantum **manus** **una** prehendat,","una-uno-unus; manus",6
113,"luc. 9.650","In scopulis **haesere** ferae: vicina **colentes**","ov. medic. 98","**Haerebit** toto multus in ore **color**.","haereo; colo",6
114,"luc. 1.141","Et quamvis **primo** nutet **casura** sub Euro,","ov. medic. 59","Et quae **prima** **cadent** vivaci cornua cervo,","primus; cado",6
115,"luc. 3.612","Amputat: ilia tamen **nisu**, **quo** prenderat, haesit,","ov. medic. 52","Candida **quo** possint ora **nitere** modo.","nitor; quo",6
116,"luc. 8.474","Consilii vix tempus erat: **tamen** **omnia** monstra","ov. medic. 84","Non **tamen** accensis **omnia** danda focis.","tamen; omnis",6
117,"luc. 8.229","Iam propior, quam Persis, eram: **tamen** **omnia** vincens","ov. medic. 84","Non **tamen** accensis **omnia** danda focis.","tamen; omnis",6
118,"luc. 7.786","Pompeio vivente videt! **Tamen** **omnia** passo","ov. medic. 84","Non **tamen** accensis **omnia** danda focis.","tamen; omnis",6
119,"luc. 7.466","Nec libuit mutare locum. **Tamen** **omnia** torpor","ov. medic. 84","Non **tamen** accensis **omnia** danda focis.","tamen; omnis",6
120,"luc. 1.378","Coniugis, invita peragam **tamen** **omnia** dextra;","ov. medic. 84","Non **tamen** accensis **omnia** danda focis.","tamen; omnis",6
121,"luc. 7.253","In **manibus** vestris, **quantus** sit Caesar, habetis.","ov. medic. 93","Arentisque rosae **quantum** **manus** una prehendat,","quantus; manus",6
122,"luc. 3.6","Ad visus **reditura** **suos**, tectumque cacumen","ov. medic. 40","Nec **redit** in fontes unda supina **suos**;","suus; redeo",6
123,"luc. 9.279","Nostra quoque inviso quisquis **feret** **ora** tyranno,","ov. medic. 22","Et quantos onus est **aure** **tulisse** duos.","fero; aurum",6
124,"luc. 5.550","**Ora** **tulit**, vultu sub nubem tristis ituro.","ov. medic. 22","Et quantos onus est **aure** **tulisse** duos.","fero; aurum",6
125,"luc. 2.123","**Ora** **ferens** miles festae rorantia mensae","ov. medic. 22","Et quantos onus est **aure** **tulisse** duos.","fero; aurum",6
126,"luc. 10.296","Nec **licuit** populis **parvum** te, Nile, videre,","ov. medic. 97","Tempore sint **parvo** molli **licet** illita vultu,","paruus; licet",6
127,"luc. 6.286","Segnius haud vidit, **quam** **malo** nauta tremente","ov. medic. 12","**Maluerint**, **quam** se, rura paterna coli:","malo; quam",6
128,"luc. 3.230","Qua **colitur** Ganges, **toto** qui solus in orbe","ov. medic. 98","Haerebit **toto** multus in ore **color**.","colo; totus",6
129,"luc. 10.280","Cambyses **longi** populos pervenit ad **aevi**,","ov. medic. 49","Sufficit et **longum** probitas perdurat in **aevum**,","aeuum; longus",6
130,"luc. 9.567","Occubuisse velim **potius**, **quam** regna videre?","ov. medic. 35","Sic **potius** vos urget amor **quam** fortibus herbis,","potis; quam",6
131,"luc. 6.235","Caesaris exemplum **potius**, **quam** mortis honestae.","ov. medic. 35","Sic **potius** vos urget amor **quam** fortibus herbis,","potis; quam",6
132,"luc. 5.499","Dum se deesse **deis**, ac non sibi **numina**, credit,","ov. medic. 83","Quamvis tura **deos** irataque **numina** placent,","numen; deus",6
133,"luc. 8.144","**Da** similes Lesbo populos, qui Marte **subactum**","ov. medic. 75","**Da** validis iuvenum pariter **subigenda** lacertis:","subigo; do",6
134,"luc. 9.493","Iamque iter omne **latet**: nec sunt discrimina **terrae**","ov. medic. 8","Nigra sub imposito marmore **terra** **latet**:","terra; lateo",6
135,"luc. 1.163","Non **auro** **tectisque** modus: mensasque priores","ov. medic. 7","Culta placent. **auro** sublimia **tecta** linuntur,","auro-aurum; tectum-tego",6
136,"luc. 7.499","Opponit, tutoque **latet** **sub** tegmine pectus,","ov. medic. 8","Nigra **sub** imposito marmore terra **latet**:","sub; lateo",6
137,"luc. 4.601","Haec illi spelunca domus: **latuisse** **sub** alta","ov. medic. 8","Nigra **sub** imposito marmore terra **latet**:","sub; lateo",6
138,"luc. 1.52","Quis deus esse **velis**, ubi regnum **ponere** mundi.","ov. medic. 19","**Vultis** odoratos **positu** variare capillos,","pono; uolo",6
139,"luc. 6.149","Hic **ubi** quaerentes socios **iam** Marte relicto","ov. medic. 61","**Iamque** **ubi** pulvereae fuerint confusa farinae,","iam; ubi-ubius",6
140,"luc. 5.303","Exercere, **venit**: nec, dum desaeviat **ira**,","ov. medic. 74","Desit et Illyrica quae **venit** **iris** humo.","ira; uenio",6
141,"luc. 1.521","**Danda** **tamen** venia est, tantorum **danda** pavorum:","ov. medic. 84","Non **tamen** accensis omnia **danda** focis.","tamen; do",6
142,"luc. 2.642","Sed quid **plura** moror? **totos** mea, nate, per ortus","ov. medic. 98","Haerebit **toto** **multus** in ore color.","multus; totus",6
143,"luc. 4.283","Inde **ubi** nulla data est **miscendi** copia Martis,","ov. medic. 85","Tus **ubi** **miscueris** radenti tubera nitro,","misceo; ubi-ubius",6
144,"luc. 3.288","Tot reges **habuere** ducem. **Colere** nec umquam","ov. medic. 26","Et vix ad **cultus** nupta, quod addat, **habet**.","colo; habeo",6
145,"luc. 9.683","Sparsisset crines, **texissetque** **ora** colubri.","ov. medic. 7","Culta placent. **auro** sublimia **tecta** linuntur,","tego; aurum",6
146,"luc. 3.431","In **sua** credebant **redituras** membra secures.","ov. medic. 40","Nec **redit** in fontes unda supina **suos**;","suus; redeo",6
147,"luc. 6.739","Eloquar, immenso **terrae** **sub** pondere quae te","ov. medic. 8","Nigra **sub** imposito marmore **terra** latet:","sub; terra",6
148,"luc. 4.355","Nec ferrum  lassaeque **manus**. Hoc hostibus **unum**,","ov. medic. 93","Arentisque rosae quantum **manus** **una** prehendat,","unus; manus",6
149,"luc. 5.494","Naufragio **venisse** volet. Iam voce **doloris**","ov. medic. 48","Et **veniet** rugis altera causa **dolor**.","dolor; uenio",6
150,"luc. 2.256","Per **se** bella **placent**?  Quid tot durasse per annos","ov. medic. 31","Est etiam **placuisse** **sibi** cuicumque voluptas;","sui; placeo",6
151,"luc. 2.353","Iura **placent**, sacrisque **deos** admittere testes.","ov. medic. 83","Quamvis tura **deos** irataque numina **placent**,","placeo-placo; deus",6
152,"luc. 7.55","Iuris **habere** sui **vellet**, pacemque timeret.","ov. medic. 20","Conspicuam gemmis **vultis** **habere** manum:","uolo; habeo",6
153,"luc. 9.1093","Colligite, atque **unam** sparsis date **manibus** urnam.","ov. medic. 93","Arentisque rosae quantum **manus** **una** prehendat,","unus; manus",6
154,"luc. 4.289","Stat victor, tenuitque **manus**, tunc frigidus **artus**","ov. medic. 36","Quas maga terribili subsecat **arte** **manus**.","artus; manus",6
155,"luc. 7.795","Et lustrare oculis campos **sub** clade **latentes**:","ov. medic. 8","Nigra **sub** imposito marmore terra **latet**:","sub; lateo",6
156,"luc. 6.684","Addidit, et quidquid mundo **dedit** **ipsa** veneni:","ov. medic. 16","**Ipsa** **dabat** virgas caesaque ligna foco.","do; ipse",6
157,"luc. 2.169","Meque **ipsum** memini, **caesi** deformia fratris","ov. medic. 16","**Ipsa** dabat virgas **caesaque** ligna foco.","caedo-caesum-caesus; ipse",6
158,"luc. 6.621","Ut **modo** defuncti tepidique cadaveris **ora**","ov. medic. 52","Candida quo possint **ora** nitere **modo**.","aurum-ora-oro-os; modo-modus",6
159,"luc. 5.686","Pendeat, et **tantus** caput **hoc** sibi fecerit orbis,","ov. medic. 66","**Huc** novies **tanto** plus tibi mellis eat.","tantus; huc",6
160,"luc. 8.666","Ex **habitu** vultuque **viri** mutasse, fatentur","ov. medic. 24","Cum comptos **habeant** saecula nostra **viros**. ","uir; habeo",6
161,"luc. 7.740","Quod **sibi** **quisque** dabit.  Cunctis en plena metallis","ov. medic. 27","**Se** **sibi** **quaeque** parant, nec quos venentur amores","sui; quisque",6
162,"luc. 7.40","Nunc **quoque**, tela licet **paveant** victoris iniqui,","ov. medic. 27","Se sibi **quaeque** **parant**, nec quos venentur amores","quisque; paueo",6
163,"luc. 2.147","Sed fecit **sibi** **quisque** nefas.  Semel omnia victor","ov. medic. 27","**Se** **sibi** **quaeque** parant, nec quos venentur amores","sui; quisque",6
164,"luc. 1.503","Naufragium **sibi** **quisque** facit: sic, urbe relicta,","ov. medic. 27","**Se** **sibi** **quaeque** parant, nec quos venentur amores","sui; quisque",6
165,"luc. 8.280","Expromam, mentisque meae **quo** **pondera** vergant.","ov. medic. 79","**Pondere**, si quaeris, **quo** sim contentus in illis,","pondus; quo",6
166,"luc. 10.210","Hunc **ubi** pars coeli tenuit, qua **mixta** Leonis","ov. medic. 85","Tus **ubi** **miscueris** radenti tubera nitro,","misceo; ubi-ubius",6
167,"luc. 5.368","Ipse **pavet**, ne tela **sibi** dextraeque negentur","ov. medic. 27","**Se** **sibi** quaeque **parant**, nec quos venentur amores","sui; paueo",6
168,"luc. 3.645","**Haeserunt** ibi fata diu: luctataque **multum**","ov. medic. 98","**Haerebit** toto **multus** in ore color.","haereo; multus",6
169,"luc. 7.652","Tot telis sua **fata** peti, tot **corpora** fusa,","ov. medic. 70","Et simul inflantes **corpora** frige **fabas**;","corporo-corpus; for",6
170,"luc. 1.388","Promisere manus. **It** **tantus** ad aethera clamor,","ov. medic. 66","Huc novies **tanto** plus tibi mellis **eat**.","tantus; eo",6
171,"luc. 10.230","Officiis caret **unda** **suis**: dare iussus iniquo","ov. medic. 40","Nec redit in fontes **unda** supina **suos**;","suus; unda-undo",6
172,"luc. 9.29","**Ipse** **sua**: totae post Magni funera partes","ov. medic. 68","Fulgebit speculo levior **ipsa** **suo**.","suus; ipse",6
173,"luc. 6.571","Nocte poli, Titan medium **quo** **tempore** ducit","ov. medic. 47","**Tempus** erit, **quo** vos speculum vidisse pigebit,","quo; tempus",6
174,"luc. 4.446","Insula deseritur ratibus, **quo** **tempore** primas","ov. medic. 47","**Tempus** erit, **quo** vos speculum vidisse pigebit,","quo; tempus",6
175,"luc. 7.494","**Vixque** **habitura** locum dextras ac tela movendi,","ov. medic. 26","Et **vix** ad cultus nupta, quod addat, **habet**.","uix; habeo",6
176,"luc. 6.544","Ore **suo** rupit: **pendentia** corpora carpsit,","ov. medic. 50","Perque **suos** annos hinc bene **pendet** amor. ","suus; pendeo-pendo",6
177,"luc. 3.570","Ensis agit. Stat quisque **suae** **de** robore puppis","ov. medic. 54","Exue **de** palea tegminibusque **suis**.","suus; de",6
178,"luc. 6.624","**Dixerat**: et noctis geminatis **arte** tenebris,","ov. medic. 51","**Dic** age, cum teneros somnus dimiserit **artus**,","artus; dico",6
179,"luc. 9.81","Hunc **volumus**, quem Nilus **habet**, terraeque nocenti","ov. medic. 20","Conspicuam gemmis **vultis** **habere** manum:","uolo; habeo",5
180,"luc. 9.757","Aequoreusque **placet**, sed non **sibi** sufficit, humor.","ov. medic. 31","Est etiam **placuisse** **sibi** cuicumque voluptas;","sui; placeo",5
181,"luc. 9.732","Nec tutus spatio est elephas: **datis** **omnia** leto:","ov. medic. 84","Non tamen accensis **omnia** **danda** focis.","do; omnis",5
182,"luc. 9.157","**Omnia** **dent** poenas nudo tibi, Magne, sepulchra:","ov. medic. 84","Non tamen accensis **omnia** **danda** focis.","do; omnis",5
183,"luc. 1.349","**Omnia** **dat**, qui iusta negat. Nec numina deerunt:","ov. medic. 84","Non tamen accensis **omnia** **danda** focis.","do; omnis",5
184,"luc. 9.680","**Ora** rear! **quantumque** oculos effundere mortis!","ov. medic. 22","Et **quantos** onus est **aure** tulisse duos.","quantus; aurum",5
185,"luc. 5.468","**Hoc** fortuna loco **tantae** duo nomina famae","ov. medic. 66","**Huc** novies **tanto** plus tibi mellis eat.","tantus; huc",5
186,"luc. 8.258","**Parva** puppe fugit: sequitur **pars** magna senatus","ov. medic. 87","**Parte** **minus** quarta dereptum cortice gummi,","paruus; pars",5
187,"luc. 2.611","Quos profugos **Creta** vexere **per** aequora puppes","ov. medic. 89","Haec ubi contrieris, **per** densa foramina **cerne**:","cerno; per",5
188,"luc. 1.132","**Multa** dare in vulgus; **totus** popularibus **auris**","ov. medic. 98","Haerebit **toto** **multus** in **ore** color.","multus; totus; aurum",5
189,"luc. 6.547","Insertum **manibus** chalybem, nigramque per **artus**","ov. medic. 36","Quas maga terribili subsecat **arte** **manus**.","artus; manus",5
190,"luc. 2.158","Exstruit **ipse** **sui**, necdum omni sanguine fuso","ov. medic. 68","Fulgebit speculo levior **ipsa** **suo**.","suo-suus; ipse",5
191,"luc. 1.179","**Ipse** **sui** populus; letalisque ambitus urbi,","ov. medic. 68","Fulgebit speculo levior **ipsa** **suo**.","suo-suus; ipse",5
192,"luc. 9.960","Euxinumque **ferens** parvo ruat **ore** Propontis.","ov. medic. 22","Et quantos onus est **aure** **tulisse** duos.","fero; aurum",5
193,"luc. 3.89","Arctoi toto non **visam** **tempore** belli:","ov. medic. 47","**Tempus** erit, quo vos speculum **vidisse** pigebit,","uideo; tempus",5
194,"luc. 6.267","Montis adest, seramque **sibi** **parat** unda ruinam.","ov. medic. 27","**Se** **sibi** quaeque **parant**, nec quos venentur amores","sui; paro-pasco",5
195,"luc. 10.27","Editus exemplum, **terras** tot posse **sub** uno","ov. medic. 8","Nigra **sub** imposito marmore **terra** latet:","sub; terra",5
196,"luc. 10.380","Quid **liceat** nobis: tumulumque e pulvere **parvo**","ov. medic. 97","Tempore sint **parvo** molli **licet** illita vultu,","paruus; licet",5
197,"luc. 3.680","Nulla tamen **plures** **hoc** edidit aequore clades,","ov. medic. 66","**Huc** novies tanto **plus** tibi mellis eat.","multus; huc",5
198,"luc. 5.177","**Quantum** scire, licet. Venit aetas omnis in **unam**","ov. medic. 93","Arentisque rosae **quantum** manus **una** prehendat,","quantum-quantus; unus",5
199,"luc. 10.531","Auspiciis Ganymedis **eunt**: ac **multa** secundo","ov. medic. 66","Huc novies tanto **plus** tibi mellis **eat**.","multus; eo",5
200,"luc. 7.697","Ostendit moriens, **sibi** **se** pugnasse, senatus.","ov. medic. 27","**Se** **sibi** quaeque parant, nec quos venentur amores","sui",5
201,"luc. 2.323","Ne **sibi** **se** vicisse putet. Sic fatur, et acres","ov. medic. 27","**Se** **sibi** quaeque parant, nec quos venentur amores","sui",5
202,"luc. 1.127","Scire nefas: magno **se** iudice **quisque** tuetur:","ov. medic. 27","**Se** **sibi** **quaeque** parant, nec quos venentur amores","sui; quisque",5
203,"luc. 9.1029","Reddiderat. Quid **plura** feram? tu nomina **tanto**","ov. medic. 66","Huc novies **tanto** **plus** tibi mellis eat.","multus; tanto-tantus",5
204,"luc. 10.461","Non sine rege **tamen**; quem ducit in **omnia** secum,","ov. medic. 84","Non **tamen** accensis **omnia** danda focis.","tamen; omnis",5
205,"luc. 8.467","**Tempus** erat, **quo** Libra pares examinat horas,","ov. medic. 47","**Tempus** erit, **quo** vos speculum vidisse pigebit,","quo; tempus",5
206,"luc. 2.256","**Per** se bella placent?  Quid tot durasse **per** **annos**","ov. medic. 50","**Perque** suos **annos** hinc bene pendet amor. ","annus; per",5
207,"luc. 4.574","**Ore** ratem **totum** discurrens fama per orbem.","ov. medic. 98","Haerebit **toto** multus in **ore** color.","aurum-os; totus",5
208,"luc. 6.552","**Vult** ferro **manibusque** suis, morsusque luporum","ov. medic. 20","Conspicuam gemmis **vultis** habere **manum**:","uolo; manus",5
209,"luc. 10.96","Adfectus ensesque **suos**. Nil **ipsa** paterni","ov. medic. 68","Fulgebit speculo levior **ipsa** **suo**.","suus; ipse",5
210,"luc. 9.587","**Ipse** manu **sua** pila gerens, praecedit anheli","ov. medic. 68","Fulgebit speculo levior **ipsa** **suo**.","suus; ipse",5
211,"luc. 8.17","Adtoniti: cladisque **suae** vix **ipse** fidelis","ov. medic. 68","Fulgebit speculo levior **ipsa** **suo**.","suus; ipse",5
212,"luc. 5.707","Permixtas **habuere** diu: latumque per **aequor**,","ov. medic. 71","Utraque sex **habeant** **aequo** discrimine libras,","aequo; habeo",5
213,"luc. 2.379","Sunt tentata tori: iusto **quoque** robur **amori**","ov. medic. 27","Se sibi **quaeque** parant, nec quos venentur **amores**","amor; quisque",5
214,"luc. 5.409","Turpe duci **visum**, rapiendi **tempora** belli","ov. medic. 47","**Tempus** erit, quo vos speculum **vidisse** pigebit,","uideo; tempus",5
215,"luc. 9.34","Quis ratibus **tantis** fugientia crederet **ire**","ov. medic. 66","Huc novies **tanto** plus tibi mellis **eat**.","tantus; eo",5
216,"luc. 3.41","**Ibat**, et igniferi **tantum** demerserat orbis,","ov. medic. 66","Huc novies **tanto** plus tibi mellis **eat**.","tantus; eo",5
217,"luc. 7.538","Hic numerus **totos** tibi vestiat **ossibus** agros:","ov. medic. 98","Haerebit **toto** multus in **ore** color.","totus; os",5
218,"luc. 7.406","Cladis **eo** dedimus, ne **tanto** in tempore bellum","ov. medic. 66","Huc novies **tanto** plus tibi mellis **eat**.","eo; tanto-tantus",5
219,"luc. 5.90","Conscius, ac populis **sese** proferre **paratus**,","ov. medic. 27","**Se** **sibi** quaeque **parant**, nec quos venentur amores","sui; paro",5
220,"luc. 10.232","**Sub** torrente plaga, ne **terras** dissipet ignis,","ov. medic. 8","Nigra **sub** imposito marmore **terra** latet:","sub; terra",5
221,"luc. 6.246","**Quam** mihi mortis **amor**. Simul haec effatur, et altus","ov. medic. 35","Sic potius vos urget **amor** **quam** fortibus herbis,","amo-amor; quam",5
222,"luc. 2.584","**Terra** meis, quocumque iacet **sub** sole, tropaeis.","ov. medic. 8","Nigra **sub** imposito marmore **terra** latet:","sub; terra",5
223,"luc. 1.61","Inque vicem gens omnis **amet**: Pax missa **per** orbem","ov. medic. 50","**Perque** suos annos hinc bene pendet **amor**. ","amo; per",5
224,"luc. 7.609","Spiritus in **vocem**, morientiaque **ora** resolvit:","ov. medic. 78","**Ore** fugant maculas: alcyonea **vocant**. ","aurum-os; uoco",5
225,"luc. 10.414","Ausa foret Lagea domus? **Dat** scilicet **omnis**","ov. medic. 84","Non tamen accensis **omnia** **danda** focis.","do; omnis",5
226,"luc. 8.333","Emathiam lis tanta **datur**? iacet **omne** cruenti","ov. medic. 84","Non tamen accensis **omnia** **danda** focis.","do; omnis",5
227,"luc. 8.385","Ensis **habet** vires, et gens quaecumque **virorum** est,","ov. medic. 24","Cum comptos **habeant** saecula nostra **viros**. ","uir; habeo",5
228,"luc. 9.211","Scire **mori**, sors **prima** viris, sed proxima cogi.","ov. medic. 43","**Prima** sit in vobis **morum** tutela, puellae.","primus; morum-morus-mos",5
229,"luc. 1.495","Nutantes **pendere** domos: sic turba **per** urbem","ov. medic. 50","**Perque** suos annos hinc bene **pendet** amor. ","pendeo-pendo; per",5
230,"luc. 3.668","A manibus cecidere **suis**: non amplius **undae**","ov. medic. 40","Nec redit in fontes **unda** supina **suos**;","suus; unda",5
231,"luc. 3.488","**Sub** cuius pluteis et tecta fronte **latentes**","ov. medic. 8","Nigra **sub** imposito marmore terra **latet**:","sub; lateo",5
232,"luc. 5.302","Fortunamque **suam** **per** summa pericula gaudens","ov. medic. 50","**Perque** **suos** annos hinc bene pendet amor. ","suus; per",5
233,"luc. 4.718","Obscuratque **suam** **per** iussa silentia famam,","ov. medic. 50","**Perque** **suos** annos hinc bene pendet amor. ","suus; per",5
234,"luc. 2.75","Poenas ante **dabat** scelerum. Mors **ipsa** refugit","ov. medic. 16","**Ipsa** **dabat** virgas caesaque ligna foco.","do; ipse",5
235,"luc. 2.263","Nec **tanta** in casum virtus **eat**. Ingeret omnis","ov. medic. 66","Huc novies **tanto** plus tibi mellis **eat**.","tantus; eo",5
236,"luc. 10.416","**Fas** est Romano. Latium sic scindere **corpus**","ov. medic. 70","Et simul inflantes **corpora** frige **fabas**;","corpus; for",5
237,"luc. 7.239","**Tempus**, in extremos **quo** mitteret omnia casus.","ov. medic. 47","**Tempus** erit, **quo** vos speculum vidisse pigebit,","quo; tempus",5
238,"luc. 7.811","Cuncta sinu, finemque **sui** **sibi** corpora debent.","ov. medic. 27","**Se** **sibi** quaeque parant, nec quos venentur amores","sui",5
239,"luc. 2.562","**Quo** **potuit** civem populus perducere liber,","ov. medic. 52","Candida **quo** **possint** ora nitere modo.","possum; quo",5
240,"luc. 9.1082","Credite victorem. Nobis **quoque** tale **paratum**","ov. medic. 27","Se sibi **quaeque** **parant**, nec quos venentur amores","quisque; paro",5
241,"luc. 5.588","Ista ratis. Ne flecte **manus**: fuge proxima **velis**","ov. medic. 20","Conspicuam gemmis **vultis** habere **manum**:","uolo; manus",5
242,"luc. 10.423","Insidias, **poteratque** cruor **per** regia fundi","ov. medic. 81","Ut coeant apteque lini **per** corpora **possint**,","per; possum",5
243,"luc. 7.421","**Omne** tibi bellum gentes **dedit** **omnibus** annis:","ov. medic. 84","Non tamen accensis **omnia** **danda** focis.","do; omnis",5
244,"luc. 3.758","Coniunx saepe **sui**, confusis vultibus **unda**,","ov. medic. 40","Nec redit in fontes **unda** supina **suos**;","suus; unda-undo",5
245,"luc. 7.226","Ponticus **ibat** eques. Sicci sed **plurima** campi","ov. medic. 66","Huc novies tanto **plus** tibi mellis **eat**.","multus; eo",5
246,"luc. 3.105","**E** latebris educta **suis**. Non consule sacrae","ov. medic. 54","**Exue** de palea tegminibusque **suis**.","suo-sus-suus; ex",5
247,"luc. 6.116","**Plurimaque** humanis ante **hoc** incognita mensis","ov. medic. 66","**Huc** novies tanto **plus** tibi mellis eat.","multus; huc",5
248,"luc. 9.287","Sed **sibi** **quaeque** volat, nec iam degustat amarum","ov. medic. 27","**Se** **sibi** **quaeque** parant, nec quos venentur amores","sui; quisque",5
249,"luc. 2.10","**Se** **quoque** lege tenens, et saecula iussa ferentem","ov. medic. 27","**Se** **sibi** **quaeque** parant, nec quos venentur amores","sui; quisque",5
250,"luc. 9.270","**Caede** manus?   Credet faciles sibi terga **dedisse**,","ov. medic. 16","Ipsa **dabat** virgas **caesaque** ligna foco.","do; caedo",5
251,"luc. 3.572","In ratibus cecidere **suis**. Cruor altus in **undis**","ov. medic. 40","Nec redit in fontes **unda** supina **suos**;","suus; unda",5
252,"luc. 6.813","Me reticente, **dabunt**: tibi certior **omnia** vates","ov. medic. 84","Non tamen accensis **omnia** **danda** focis.","do; omnis",5
253,"luc. 10.55","Obside **quo** pacis Pellaea **tutus** in aula","ov. medic. 2","Et **quo** sit vobis forma **tuenda** modo.","tueor; quo",5
254,"luc. 7.129","Ictibus incertis. **Multorum** pallor in **ore**","ov. medic. 98","Haerebit toto **multus** in **ore** color.","aurum-os; multus",5
255,"luc. 7.869","**Pluraque** ruricolis feriuntur dentibus **ossa**.","ov. medic. 98","Haerebit toto **multus** in **ore** color.","multus; os",5
256,"luc. 3.54","**Quoque** modo vanos populi conciret **amores**,","ov. medic. 27","Se sibi **quaeque** parant, nec quos venentur **amores**","amor; quisque",5
257,"luc. 7.253","In **manibus** vestris, quantus sit Caesar, **habetis**.","ov. medic. 20","Conspicuam gemmis vultis **habere** **manum**:","habeo; manus",5
258,"luc. 7.576","Promovet **ipse** acies: impellit terga **suorum**:","ov. medic. 68","Fulgebit speculo levior **ipsa** **suo**.","suus; ipse",5
259,"luc. 4.392","Est cruor, et Caesar **per** tot **sua** fata sequendus.","ov. medic. 50","**Perque** **suos** annos hinc bene pendet amor. ","suus; per",5
260,"luc. 2.20","Tunc questus tenuere **suos**, magnusque **per** omnes","ov. medic. 50","**Perque** **suos** annos hinc bene pendet amor. ","suus; per",5
261,"luc. 3.113","Viribus an **possent** obsistere iura, **per** unam","ov. medic. 81","Ut coeant apteque lini **per** corpora **possint**,","possum; per",5
262,"luc. 8.32","Tradere **se** fatis audet, nisi morte **parata**?","ov. medic. 27","**Se** **sibi** quaeque **parant**, nec quos venentur amores","sui; paro",5
263,"luc. 9.877","Terga **damus** ferienda Noto. Nunc forsitan **ipsa** est","ov. medic. 16","**Ipsa** **dabat** virgas caesaque ligna foco.","do; ipse",5
264,"luc. 7.206","Signa **dedit**, quorum fatis coelum **omne** vacavit!","ov. medic. 84","Non tamen accensis **omnia** **danda** focis.","do; omnis",5
265,"luc. 5.729","Te **quoque** fecit **amor**: quod nolles stare sub ictu","ov. medic. 27","Se sibi **quaeque** parant, nec quos venentur **amores**","amor; quisque",5
266,"luc. 2.321","Hunc **quoque** totius **sibi** ius promittere mundi","ov. medic. 27","**Se** **sibi** **quaeque** parant, nec quos venentur amores","sui; quisque",5
267,"luc. 2.383","Nec **sibi**, sed toti genitum **se** credere mundo.","ov. medic. 27","**Se** **sibi** quaeque parant, nec quos venentur amores","sui",5
268,"luc. 8.356","Sed civi servire **suo**.   Iuvat ire **per** orbem","ov. medic. 50","**Perque** **suos** annos hinc bene pendet amor. ","suus; per",5
269,"luc. 1.400","**Per** tam multa **suo**, famae maioris in amnem","ov. medic. 50","**Perque** **suos** annos hinc bene pendet amor. ","suus; per",5
270,"luc. 1.139","Pondere fixa **suo** est; nudosque **per** aera ramos","ov. medic. 50","**Perque** **suos** annos hinc bene pendet amor. ","suus; per",5
271,"luc. 4.143","**Dat** poenas maioris aquae. Postquam **omnia** fatis","ov. medic. 84","Non tamen accensis **omnia** **danda** focis.","do; omnis",5
272,"luc. 2.108","Crimine **quo** parvi caedem **potuere** mereri?","ov. medic. 52","Candida **quo** **possint** ora nitere modo.","quo; possum",5
273,"luc. 7.36","Sic **se** dilecti tumulum **quoque** perdere Magni.","ov. medic. 27","**Se** **sibi** **quaeque** parant, nec quos venentur amores","sui; quisque",5
274,"luc. 5.499","Dum **se** deesse deis, ac non **sibi** numina, credit,","ov. medic. 27","**Se** **sibi** quaeque parant, nec quos venentur amores","sui",5
275,"luc. 2.648","Dum paci **dat** tempus hiems. Sic fatur, et **omnes**","ov. medic. 84","Non tamen accensis **omnia** **danda** focis.","do; omnis",5
276,"luc. 1.393","Fataque ferre **videt**, ne **quo** languore moretur","ov. medic. 47","Tempus erit, **quo** vos speculum **vidisse** pigebit,","uideo; quo",5
277,"luc. 3.372","**Quam** duce me bellum. **Sic** postquam fatus, ad urbem","ov. medic. 35","**Sic** potius vos urget amor **quam** fortibus herbis,","sic; quam",5
278,"luc. 9.196","**Quaeque** dari voluit, voluit **sibi** posse negari.","ov. medic. 27","**Se** **sibi** **quaeque** parant, nec quos venentur amores","sui; quisque",5
279,"luc. 2.408","**Quoque** magis nullum tellus  **se** solvit in amnem,","ov. medic. 27","**Se** **sibi** **quaeque** parant, nec quos venentur amores","sui; quisque",5
280,"luc. 4.106","**Sic** mundi pars ima iacet, **quam** zona nivalis","ov. medic. 35","**Sic** potius vos urget amor **quam** fortibus herbis,","sic; quam",4
281,"luc. 6.265","**Quam** mare lassatur, cum **se** tollentibus Euris","ov. medic. 12","Maluerint, **quam** **se**, rura paterna coli:","sui; quam",4
282,"luc. 2.700","**Quam** retinere vetas, liceat **sibi** perdere saltem","ov. medic. 12","Maluerint, **quam** **se**, rura paterna coli:","sui; quam",4
283,"luc. 3.160","**Quo** te Fabricius regi non vendidit **auro**,","ov. medic. 52","Candida **quo** possint **ora** nitere modo.","quo; aurum",4
284,"luc. 3.657","**Quo** minus aera sonent. Eliso ventre, per **ora**","ov. medic. 52","Candida **quo** possint **ora** nitere modo.","aurum-ora-oro-os; quo",4
